Date,Country,Confirmed,Deaths,Recovered,Active
6/25/20,Afghanistan,30175,675,10174,19326
6/25/20,Albania,2192,49,1250,893
6/25/20,Algeria,12445,878,8920,2647
6/25/20,Andorra,855,52,797,6
6/25/20,Angola,212,10,81,121
6/25/20,Antigua and Barbuda,65,3,22,40
6/25/20,Argentina,52457,1150,14788,36519
6/25/20,Armenia,22488,397,11335,10756
6/25/20,Australia,7595,104,6958,533
6/25/20,Austria,17477,698,16320,459
6/25/20,Azerbaijan,14852,180,8059,6613
6/25/20,Bahamas,104,11,84,9
6/25/20,Bahrain,24081,71,18501,5509
6/25/20,Bangladesh,126606,1621,51495,73490
6/25/20,Barbados,97,7,85,5
6/25/20,Belarus,60382,367,41448,18567
6/25/20,Belgium,61007,9726,16890,34391
6/25/20,Belize,23,2,17,4
6/25/20,Benin,1017,14,288,715
6/25/20,Bhutan,70,0,34,36
6/25/20,Bolivia,28503,913,7338,20252
6/25/20,Bosnia and Herzegovina,3796,175,2322,1299
6/25/20,Botswana,92,1,25,66
6/25/20,Brazil,1228114,54971,679524,493619
6/25/20,Brunei,141,3,138,0
6/25/20,Bulgaria,4408,211,2370,1827
6/25/20,Burkina Faso,934,53,826,55
6/25/20,Burma,293,6,211,76
6/25/20,Burundi,144,1,93,50
6/25/20,Cabo Verde,1003,8,562,433
6/25/20,Cambodia,130,0,127,3
6/25/20,Cameroon,12592,313,10100,2179
6/25/20,Canada,104450,8566,0,95884
6/25/20,Central African Republic,3244,40,607,2597
6/25/20,Chad,863,74,774,15
6/25/20,Chile,259064,4903,219327,34834
6/25/20,China,84701,4641,79572,488
6/25/20,Colombia,77313,2611,31729,42973
6/25/20,Comoros,272,7,161,104
6/25/20,Congo (Brazzaville),1087,37,456,594
6/25/20,Congo (Kinshasa),6411,142,885,5384
6/25/20,Costa Rica,2684,12,1227,1445
6/25/20,Cote d'Ivoire,8334,60,3487,4787
6/25/20,Croatia,2483,107,2149,227
6/25/20,Cuba,2321,85,2171,65
6/25/20,Cyprus,992,19,824,149
6/25/20,Czechia,10870,345,7649,2876
6/25/20,Denmark,12836,603,11660,573
6/25/20,Djibouti,4635,52,4269,314
6/25/20,Dominica,18,0,18,0
6/25/20,Dominican Republic,29141,698,16223,12220
6/25/20,Ecuador,53156,4343,26097,22716
6/25/20,Egypt,61130,2533,16338,42259
6/25/20,El Salvador,5336,126,3116,2094
6/25/20,Equatorial Guinea,2001,32,515,1454
6/25/20,Eritrea,144,0,39,105
6/25/20,Estonia,1984,69,1790,125
6/25/20,Eswatini,706,8,347,351
6/25/20,Ethiopia,5175,81,1544,3550
6/25/20,Fiji,18,0,18,0
6/25/20,Finland,7172,327,6600,245
6/25/20,France,198607,29755,75475,93377
6/25/20,Gabon,5087,40,2270,2777
6/25/20,Gambia,43,2,26,15
6/25/20,Georgia,917,14,776,127
6/25/20,Germany,193371,8940,176764,7667
6/25/20,Ghana,15473,95,11431,3947
6/25/20,Greece,3321,191,1374,1756
6/25/20,Grenada,23,0,23,0
6/25/20,Guatemala,15619,623,2949,12047
6/25/20,Guinea,5174,29,3861,1284
6/25/20,Guinea-Bissau,1556,19,191,1346
6/25/20,Guyana,215,12,108,95
6/25/20,Haiti,5543,96,512,4935
6/25/20,Holy See,12,0,12,0
6/25/20,Honduras,15366,426,1600,13340
6/25/20,Hungary,4123,577,2640,906
6/25/20,Iceland,1830,10,1811,9
6/25/20,India,490401,15301,285637,189463
6/25/20,Indonesia,50187,2620,20449,27118
6/25/20,Iran,215096,10130,175103,29863
6/25/20,Iraq,39139,1437,18051,19651
6/25/20,Ireland,25405,1727,23364,314
6/25/20,Israel,22400,309,16007,6084
6/25/20,Italy,239706,34678,186725,18303
6/25/20,Jamaica,684,10,526,148
6/25/20,Japan,18055,971,16142,942
6/25/20,Jordan,1086,9,797,280
6/25/20,Kazakhstan,19750,140,12220,7390
6/25/20,Kenya,5384,132,1857,3395
6/25/20,"Korea, South",12602,282,11172,1148
6/25/20,Kosovo,2169,37,1047,1085
6/25/20,Kuwait,42788,339,33367,9082
6/25/20,Kyrgyzstan,4204,43,2162,1999
6/25/20,Laos,19,0,19,0
6/25/20,Latvia,1111,30,903,178
6/25/20,Lebanon,1662,33,1144,485
6/25/20,Lesotho,17,0,2,15
6/25/20,Liberia,681,34,278,369
6/25/20,Libya,698,18,140,540
6/25/20,Liechtenstein,82,1,81,0
6/25/20,Lithuania,1806,78,1494,234
6/25/20,Luxembourg,4151,110,3968,73
6/25/20,Madagascar,1829,16,823,990
6/25/20,Malawi,960,12,260,688
6/25/20,Malaysia,8600,121,8271,208
6/25/20,Maldives,2277,8,1848,421
6/25/20,Mali,2039,113,1383,543
6/25/20,Malta,668,9,627,32
6/25/20,Mauritania,3739,119,1225,2395
6/25/20,Mauritius,341,10,326,5
6/25/20,Mexico,202951,25060,152362,25529
6/25/20,Moldova,15453,502,8599,6352
6/25/20,Monaco,102,4,95,3
6/25/20,Mongolia,219,0,170,49
6/25/20,Montenegro,414,9,315,90
6/25/20,Morocco,11338,217,8500,2621
6/25/20,Mozambique,788,5,0,783
6/25/20,Namibia,102,0,21,81
6/25/20,Nepal,11162,26,2650,8486
6/25/20,Netherlands,50122,6119,186,43817
6/25/20,New Zealand,1520,22,1484,14
6/25/20,Nicaragua,2170,74,1238,858
6/25/20,Niger,1056,67,917,72
6/25/20,Nigeria,22614,549,7822,14243
6/25/20,North Macedonia,5595,265,2166,3164
6/25/20,Norway,8788,249,8138,401
6/25/20,Oman,34902,144,18520,16238
6/25/20,Pakistan,195745,3962,84168,107615
6/25/20,Panama,29037,564,14800,13673
6/25/20,Papua New Guinea,10,0,8,2
6/25/20,Paraguay,1569,13,976,580
6/25/20,Peru,268602,8761,151225,108616
6/25/20,Philippines,33069,1212,8910,22947
6/25/20,Poland,33119,1412,18654,13053
6/25/20,Portugal,40415,1549,26382,12484
6/25/20,Qatar,91838,106,74544,17188
6/25/20,Romania,25286,1565,17906,5815
6/25/20,Russia,613148,8594,374557,229997
6/25/20,Rwanda,850,2,385,463
6/25/20,Saint Kitts and Nevis,15,0,15,0
6/25/20,Saint Lucia,19,0,19,0
6/25/20,Saint Vincent and the Grenadines,29,0,29,0
6/25/20,San Marino,698,42,653,3
6/25/20,Sao Tome and Principe,711,13,214,484
6/25/20,Saudi Arabia,170639,1428,117882,51329
6/25/20,Senegal,6233,94,4162,1977
6/25/20,Serbia,13372,264,12154,954
6/25/20,Seychelles,11,0,11,0
6/25/20,Sierra Leone,1354,56,869,429
6/25/20,Singapore,42736,26,36604,6106
6/25/20,Slovakia,1630,28,1452,150
6/25/20,Slovenia,1547,109,1376,62
6/25/20,Somalia,2878,90,868,1920
6/25/20,South Africa,118375,2292,59974,56109
6/25/20,South Sudan,1942,36,224,1682
6/25/20,Spain,247486,28330,150376,68780
6/25/20,Sri Lanka,2010,11,1602,397
6/25/20,Sudan,8984,556,3806,4622
6/25/20,Suriname,373,10,176,187
6/25/20,Sweden,63890,5230,0,58660
6/25/20,Switzerland,31428,1958,29000,470
6/25/20,Syria,242,7,0,235
6/25/20,Taiwan*,447,7,435,5
6/25/20,Tajikistan,5691,52,4267,1372
6/25/20,Tanzania,509,21,183,305
6/25/20,Thailand,3158,58,3038,62
6/25/20,Timor-Leste,24,0,0,24
6/25/20,Togo,588,14,394,180
6/25/20,Trinidad and Tobago,123,8,109,6
6/25/20,Tunisia,1162,50,1023,89
6/25/20,Turkey,193115,5046,165706,22363
6/25/20,US,2422299,125026,663562,1633711
6/25/20,Uganda,821,0,731,90
6/25/20,Ukraine,40854,1078,18365,21411
6/25/20,United Arab Emirates,46563,308,35165,11090
6/25/20,United Kingdom,282512,43313,1350,237834
6/25/20,Uruguay,907,26,818,63
6/25/20,Uzbekistan,7177,20,4877,2280
6/25/20,Venezuela,4563,39,1327,3197
6/25/20,Vietnam,352,0,329,23
6/25/20,West Bank and Gaza,1382,3,446,933
6/25/20,Western Sahara,10,1,8,1
6/25/20,Yemen,1076,288,386,402
6/25/20,Zambia,1497,18,1223,256
6/25/20,Zimbabwe,551,6,128,417
6/26/20,Afghanistan,30451,683,10306,19462
6/26/20,Albania,2269,51,1298,920
6/26/20,Algeria,12685,885,9066,2734
6/26/20,Andorra,855,52,799,4
6/26/20,Angola,212,10,81,121
6/26/20,Antigua and Barbuda,65,3,22,40
6/26/20,Argentina,55343,1184,18416,35743
6/26/20,Armenia,23247,410,12149,10688
6/26/20,Australia,7601,104,6960,537
6/26/20,Austria,17522,698,16348,476
6/26/20,Azerbaijan,15369,187,8364,6818
6/26/20,Bahamas,104,11,84,9
6/26/20,Bahrain,24805,73,19137,5595
6/26/20,Bangladesh,130474,1661,53133,75680
6/26/20,Barbados,97,7,90,0
6/26/20,Belarus,60713,373,42689,17651
6/26/20,Belgium,61106,9731,16918,34457
6/26/20,Belize,24,2,18,4
6/26/20,Benin,1053,14,292,747
6/26/20,Bhutan,70,0,38,32
6/26/20,Bolivia,29423,934,7736,20753
6/26/20,Bosnia and Herzegovina,3935,178,2338,1419
6/26/20,Botswana,92,1,25,66
6/26/20,Brazil,1274974,55961,702399,516614
6/26/20,Brunei,141,3,138,0
6/26/20,Bulgaria,4513,215,2457,1841
6/26/20,Burkina Faso,941,53,830,58
6/26/20,Burma,293,6,215,72
6/26/20,Burundi,144,1,93,50
6/26/20,Cabo Verde,1027,10,568,449
6/26/20,Cambodia,139,0,129,10
6/26/20,Cameroon,12592,313,10100,2179
6/26/20,Canada,104616,8570,0,96046
6/26/20,Central African Republic,3340,40,661,2639
6/26/20,Chad,865,74,778,13
6/26/20,Chile,263360,5068,223431,34861
6/26/20,China,84725,4641,79580,504
6/26/20,Colombia,80811,2786,33410,44615
6/26/20,Comoros,272,7,161,104
6/26/20,Congo (Brazzaville),1087,37,456,594
6/26/20,Congo (Kinshasa),6552,149,900,5503
6/26/20,Costa Rica,2836,12,1280,1544
6/26/20,Cote d'Ivoire,8739,64,3587,5088
6/26/20,Croatia,2539,107,2150,282
6/26/20,Cuba,2325,85,2180,60
6/26/20,Cyprus,992,19,824,149
6/26/20,Czechia,11038,349,7668,3021
6/26/20,Denmark,12875,604,11708,563
6/26/20,Djibouti,4643,52,4348,243
6/26/20,Dominica,18,0,18,0
6/26/20,Dominican Republic,29764,712,16357,12695
6/26/20,Ecuador,53856,4406,26493,22957
6/26/20,Egypt,62755,2620,16737,43398
6/26/20,El Salvador,5517,133,3291,2093
6/26/20,Equatorial Guinea,2001,32,515,1454
6/26/20,Eritrea,167,0,53,114
6/26/20,Estonia,1986,69,1797,120
6/26/20,Eswatini,728,8,367,353
6/26/20,Ethiopia,5425,89,1688,3648
6/26/20,Fiji,18,0,18,0
6/26/20,Finland,7191,328,6600,263
6/26/20,France,200195,29781,75773,94641
6/26/20,Gabon,5209,40,2327,2842
6/26/20,Gambia,43,2,26,15
6/26/20,Georgia,919,14,780,125
6/26/20,Germany,194036,8965,177149,7922
6/26/20,Ghana,15834,103,11755,3976
6/26/20,Greece,3343,191,1374,1778
6/26/20,Grenada,23,0,23,0
6/26/20,Guatemala,15828,672,3028,12128
6/26/20,Guinea,5260,29,4155,1076
6/26/20,Guinea-Bissau,1614,22,191,1401
6/26/20,Guyana,215,12,108,95
6/26/20,Haiti,5722,98,641,4983
6/26/20,Holy See,12,0,12,0
6/26/20,Honduras,15994,471,1678,13845
6/26/20,Hungary,4127,578,2663,886
6/26/20,Iceland,1832,10,1813,9
6/26/20,India,508953,15685,295881,197387
6/26/20,Indonesia,51427,2683,21333,27411
6/26/20,Iran,217724,10239,177852,29633
6/26/20,Iraq,41193,1559,18859,20775
6/26/20,Ireland,25414,1730,23364,320
6/26/20,Israel,22800,314,16872,5614
6/26/20,Italy,239961,34708,187615,17638
6/26/20,Jamaica,686,10,539,137
6/26/20,Japan,18162,971,16224,967
6/26/20,Jordan,1104,9,830,265
6/26/20,Kazakhstan,20319,150,12548,7621
6/26/20,Kenya,5533,137,1905,3491
6/26/20,"Korea, South",12653,282,11317,1054
6/26/20,Kosovo,2169,37,1047,1085
6/26/20,Kuwait,43703,341,33969,9393
6/26/20,Kyrgyzstan,4446,46,2194,2206
6/26/20,Laos,19,0,19,0
6/26/20,Latvia,1112,30,932,150
6/26/20,Lebanon,1697,33,1144,520
6/26/20,Lesotho,24,0,4,20
6/26/20,Liberia,684,34,285,365
6/26/20,Libya,713,18,142,553
6/26/20,Liechtenstein,82,1,81,0
6/26/20,Lithuania,1808,78,1501,229
6/26/20,Luxembourg,4173,110,3968,95
6/26/20,Madagascar,1922,16,862,1044
6/26/20,Malawi,1005,13,260,732
6/26/20,Malaysia,8606,121,8294,191
6/26/20,Maldives,2283,8,1863,412
6/26/20,Mali,2060,113,1387,560
6/26/20,Malta,670,9,632,29
6/26/20,Mauritania,3907,120,1280,2507
6/26/20,Mauritius,341,10,326,5
6/26/20,Mexico,208392,25779,156827,25786
6/26/20,Moldova,15776,515,8765,6496
6/26/20,Monaco,102,4,95,3
6/26/20,Mongolia,219,0,175,44
6/26/20,Montenegro,439,9,315,115
6/26/20,Morocco,11633,218,8656,2759
6/26/20,Mozambique,816,5,0,811
6/26/20,Namibia,121,0,22,99
6/26/20,Nepal,11755,27,2698,9030
6/26/20,Netherlands,50213,6122,186,43905
6/26/20,New Zealand,1522,22,1484,16
6/26/20,Nicaragua,2170,74,1238,858
6/26/20,Niger,1059,67,919,73
6/26/20,Nigeria,23298,554,8253,14491
6/26/20,North Macedonia,5758,268,2206,3284
6/26/20,Norway,8832,249,8138,445
6/26/20,Oman,36034,153,19482,16399
6/26/20,Pakistan,198883,4035,86906,107942
6/26/20,Panama,29905,575,15270,14060
6/26/20,Papua New Guinea,11,0,8,3
6/26/20,Paraguay,1711,13,1013,685
6/26/20,Peru,272364,8939,159806,103619
6/26/20,Philippines,34073,1224,9182,23667
6/26/20,Poland,33395,1429,19218,12748
6/26/20,Portugal,40866,1555,26633,12678
6/26/20,Qatar,92784,109,76072,16603
6/26/20,Romania,25697,1579,18181,5937
6/26/20,Russia,619936,8770,383524,227642
6/26/20,Rwanda,858,2,398,458
6/26/20,Saint Kitts and Nevis,15,0,15,0
6/26/20,Saint Lucia,19,0,19,0
6/26/20,Saint Vincent and the Grenadines,29,0,29,0
6/26/20,San Marino,698,42,656,0
6/26/20,Sao Tome and Principe,712,13,219,480
6/26/20,Saudi Arabia,174577,1474,120471,52632
6/26/20,Senegal,6354,98,4193,2063
6/26/20,Serbia,13565,265,12232,1068
6/26/20,Seychelles,11,0,11,0
6/26/20,Sierra Leone,1394,59,914,421
6/26/20,Singapore,42955,26,36825,6104
6/26/20,Slovakia,1643,28,1455,160
6/26/20,Slovenia,1558,109,1376,73
6/26/20,Somalia,2878,90,868,1920
6/26/20,South Africa,124590,2340,64111,58139
6/26/20,South Sudan,1942,36,224,1682
6/26/20,Spain,247905,28338,150376,69191
6/26/20,Sri Lanka,2014,11,1619,384
6/26/20,Sudan,9257,572,4014,4671
6/26/20,Suriname,389,10,181,198
6/26/20,Sweden,65137,5280,0,59857
6/26/20,Switzerland,31486,1962,29000,524
6/26/20,Syria,255,8,0,247
6/26/20,Taiwan*,447,7,435,5
6/26/20,Tajikistan,5747,52,4331,1364
6/26/20,Tanzania,509,21,183,305
6/26/20,Thailand,3162,58,3040,64
6/26/20,Timor-Leste,24,0,0,24
6/26/20,Togo,591,14,395,182
6/26/20,Trinidad and Tobago,124,8,109,7
6/26/20,Tunisia,1164,50,1023,91
6/26/20,Turkey,194511,5065,167198,22248
6/26/20,US,2467554,125631,670809,1671114
6/26/20,Uganda,833,0,761,72
6/26/20,Ukraine,41975,1097,18927,21951
6/26/20,United Arab Emirates,46973,310,35469,11194
6/26/20,United Kingdom,283151,43497,1352,238286
6/26/20,Uruguay,919,26,818,75
6/26/20,Uzbekistan,7427,20,5038,2369
6/26/20,Venezuela,4779,41,1327,3411
6/26/20,Vietnam,353,0,330,23
6/26/20,West Bank and Gaza,1557,3,446,1108
6/26/20,Western Sahara,10,1,8,1
6/26/20,Yemen,1089,293,402,394
6/26/20,Zambia,1531,21,1233,277
6/26/20,Zimbabwe,561,6,135,420
6/27/20,Afghanistan,30616,703,10674,19239
6/27/20,Albania,2330,53,1346,931
6/27/20,Algeria,12968,892,9202,2874
6/27/20,Andorra,855,52,799,4
6/27/20,Angola,259,10,81,168
6/27/20,Antigua and Barbuda,65,3,22,40
6/27/20,Argentina,57744,1207,19143,37394
6/27/20,Armenia,23909,421,12911,10577
6/27/20,Australia,7686,104,6993,589
6/27/20,Austria,17580,700,16371,509
6/27/20,Azerbaijan,15890,193,8719,6978
6/27/20,Bahamas,104,11,87,6
6/27/20,Bahrain,25267,78,19781,5408
6/27/20,Bangladesh,133978,1695,54318,77965
6/27/20,Barbados,97,7,90,0
6/27/20,Belarus,61095,377,44126,16592
6/27/20,Belgium,61209,9732,16941,34536
6/27/20,Belize,24,2,18,4
6/27/20,Benin,1124,14,295,815
6/27/20,Bhutan,75,0,38,37
6/27/20,Bolivia,30676,970,8158,21548
6/27/20,Bosnia and Herzegovina,3935,178,2338,1419
6/27/20,Botswana,92,1,25,66
6/27/20,Brazil,1313667,57070,727715,528882
6/27/20,Brunei,141,3,138,0
6/27/20,Bulgaria,4625,216,2475,1934
6/27/20,Burkina Faso,941,53,830,58
6/27/20,Burma,296,6,216,74
6/27/20,Burundi,170,1,115,54
6/27/20,Cabo Verde,1091,12,568,511
6/27/20,Cambodia,141,0,129,12
6/27/20,Cameroon,12592,313,10100,2179
6/27/20,Canada,104865,8575,0,96290
6/27/20,Central African Republic,3429,45,699,2685
6/27/20,Chad,865,74,778,13
6/27/20,Chile,267766,5347,228055,34364
6/27/20,China,84743,4641,79591,511
6/27/20,Colombia,84660,2946,34999,46715
6/27/20,Comoros,272,7,161,104
6/27/20,Congo (Brazzaville),1087,37,456,594
6/27/20,Congo (Kinshasa),6690,153,937,5600
6/27/20,Costa Rica,2979,14,1325,1640
6/27/20,Cote d'Ivoire,8944,66,3722,5156
6/27/20,Croatia,2624,107,2152,365
6/27/20,Cuba,2330,86,2187,57
6/27/20,Cyprus,994,19,824,151
6/27/20,Czechia,11298,349,7682,3267
6/27/20,Denmark,12875,604,11708,563
6/27/20,Djibouti,4643,52,4348,243
6/27/20,Dominica,18,0,18,0
6/27/20,Dominican Republic,30619,718,16666,13235
6/27/20,Ecuador,54574,4424,26920,23230
6/27/20,Egypt,63923,2708,17140,44075
6/27/20,El Salvador,5727,143,3447,2137
6/27/20,Equatorial Guinea,2001,32,515,1454
6/27/20,Eritrea,191,0,53,138
6/27/20,Estonia,1986,69,1812,105
6/27/20,Eswatini,745,8,370,367
6/27/20,Ethiopia,5570,94,2015,3461
6/27/20,Fiji,18,0,18,0
6/27/20,Finland,7198,328,6600,270
6/27/20,France,200195,29781,75773,94641
6/27/20,Gabon,5209,40,2327,2842
6/27/20,Gambia,44,2,26,16
6/27/20,Georgia,921,14,781,126
6/27/20,Germany,194458,8968,177518,7972
6/27/20,Ghana,16431,103,12257,4071
6/27/20,Greece,3366,191,1374,1801
6/27/20,Grenada,23,0,23,0
6/27/20,Guatemala,16397,706,3123,12568
6/27/20,Guinea,5291,30,4215,1046
6/27/20,Guinea-Bissau,1614,22,317,1275
6/27/20,Guyana,230,12,109,109
6/27/20,Haiti,5777,100,706,4971
6/27/20,Holy See,12,0,12,0
6/27/20,Honduras,17007,479,1767,14761
6/27/20,Hungary,4138,578,2681,879
6/27/20,Iceland,1836,10,1814,12
6/27/20,India,528859,16095,309713,203051
6/27/20,Indonesia,52812,2720,21909,28183
6/27/20,Iran,220180,10364,180661,29155
6/27/20,Iraq,43262,1660,19938,21664
6/27/20,Ireland,25437,1734,23364,339
6/27/20,Israel,23421,317,17002,6102
6/27/20,Italy,240136,34716,188584,16836
6/27/20,Jamaica,690,10,552,128
6/27/20,Japan,18254,971,16293,990
6/27/20,Jordan,1111,9,841,261
6/27/20,Kazakhstan,20319,166,12738,7415
6/27/20,Kenya,5811,141,1936,3734
6/27/20,"Korea, South",12715,282,11364,1069
6/27/20,Kosovo,2169,37,1047,1085
6/27/20,Kuwait,44391,344,34586,9461
6/27/20,Kyrgyzstan,4513,46,2212,2255
6/27/20,Laos,19,0,19,0
6/27/20,Latvia,1115,30,932,153
6/27/20,Lebanon,1719,33,1153,533
6/27/20,Lesotho,24,0,4,20
6/27/20,Liberia,729,34,291,404
6/27/20,Libya,727,18,171,538
6/27/20,Liechtenstein,82,1,81,0
6/27/20,Lithuania,1813,78,1503,232
6/27/20,Luxembourg,4217,110,3978,129
6/27/20,Madagascar,2005,16,907,1082
6/27/20,Malawi,1038,13,260,765
6/27/20,Malaysia,8616,121,8308,187
6/27/20,Maldives,2305,8,1875,422
6/27/20,Mali,2118,113,1398,607
6/27/20,Malta,670,9,635,26
6/27/20,Mauritania,4025,121,1344,2560
6/27/20,Mauritius,341,10,326,5
6/27/20,Mexico,212802,26381,160721,25700
6/27/20,Moldova,16080,521,8963,6596
6/27/20,Monaco,103,4,95,4
6/27/20,Mongolia,219,0,175,44
6/27/20,Montenegro,469,9,315,145
6/27/20,Morocco,11877,220,8723,2934
6/27/20,Mozambique,839,5,0,834
6/27/20,Namibia,136,0,22,114
6/27/20,Nepal,12309,28,2834,9447
6/27/20,Netherlands,50282,6124,186,43972
6/27/20,New Zealand,1526,22,1484,20
6/27/20,Nicaragua,2170,74,1238,858
6/27/20,Niger,1062,67,924,71
6/27/20,Nigeria,24077,558,8625,14894
6/27/20,North Macedonia,5906,277,2236,3393
6/27/20,Norway,8846,249,8138,459
6/27/20,Oman,36953,159,20363,16431
6/27/20,Pakistan,202955,4118,92624,106213
6/27/20,Panama,30658,592,15370,14696
6/27/20,Papua New Guinea,11,0,8,3
6/27/20,Paraguay,1942,15,1045,882
6/27/20,Peru,275989,9135,164024,102830
6/27/20,Philippines,34803,1236,9430,24137
6/27/20,Poland,33714,1435,19972,12307
6/27/20,Portugal,41189,1561,26864,12764
6/27/20,Qatar,93663,110,77225,16328
6/27/20,Romania,26022,1589,18530,5903
6/27/20,Russia,626779,8958,392703,225118
6/27/20,Rwanda,878,2,413,463
6/27/20,Saint Kitts and Nevis,15,0,15,0
6/27/20,Saint Lucia,19,0,19,0
6/27/20,Saint Vincent and the Grenadines,29,0,29,0
6/27/20,San Marino,698,42,656,0
6/27/20,Sao Tome and Principe,713,13,219,481
6/27/20,Saudi Arabia,178504,1511,122128,54865
6/27/20,Senegal,6459,102,4255,2102
6/27/20,Serbia,13792,267,12338,1187
6/27/20,Seychelles,20,0,11,9
6/27/20,Sierra Leone,1410,59,937,414
6/27/20,Singapore,43246,26,37163,6057
6/27/20,Slovakia,1657,28,1455,174
6/27/20,Slovenia,1572,109,1376,87
6/27/20,Somalia,2878,90,868,1920
6/27/20,South Africa,131800,2413,67094,62293
6/27/20,South Sudan,1942,36,224,1682
6/27/20,Spain,248469,28341,150376,69752
6/27/20,Sri Lanka,2033,11,1639,383
6/27/20,Sudan,9257,572,4014,4671
6/27/20,Suriname,467,11,191,265
6/27/20,Sweden,65137,5280,0,59857
6/27/20,Switzerland,31555,1962,29100,493
6/27/20,Syria,256,9,0,247
6/27/20,Taiwan*,447,7,435,5
6/27/20,Tajikistan,5799,52,4391,1356
6/27/20,Tanzania,509,21,183,305
6/27/20,Thailand,3162,58,3053,51
6/27/20,Timor-Leste,24,0,0,24
6/27/20,Togo,615,14,396,205
6/27/20,Trinidad and Tobago,126,8,109,9
6/27/20,Tunisia,1168,50,1025,93
6/27/20,Turkey,195883,5082,169182,21619
6/27/20,US,2510259,126120,679308,1704831
6/27/20,Uganda,848,0,761,87
6/27/20,Ukraine,42932,1121,19350,22461
6/27/20,United Arab Emirates,47360,311,35834,11215
6/27/20,United Kingdom,283785,43597,1353,238819
6/27/20,Uruguay,924,26,818,80
6/27/20,Uzbekistan,7682,20,5240,2422
6/27/20,Venezuela,5130,42,1327,3761
6/27/20,Vietnam,355,0,330,25
6/27/20,West Bank and Gaza,1815,4,446,1365
6/27/20,Western Sahara,10,1,8,1
6/27/20,Yemen,1103,296,417,390
6/27/20,Zambia,1531,21,1233,277
6/27/20,Zimbabwe,567,6,142,419
6/28/20,Afghanistan,30967,721,12604,17642
6/28/20,Albania,2402,55,1384,963
6/28/20,Algeria,13273,897,9371,3005
6/28/20,Andorra,855,52,799,4
6/28/20,Angola,267,11,81,175
6/28/20,Antigua and Barbuda,69,3,22,44
6/28/20,Argentina,59933,1232,20134,38567
6/28/20,Armenia,24645,426,13116,11103
6/28/20,Australia,7764,104,7007,653
6/28/20,Austria,17654,702,16401,551
6/28/20,Azerbaijan,16424,198,9026,7200
6/28/20,Bahamas,104,11,87,6
6/28/20,Bahrain,25705,83,20517,5105
6/28/20,Bangladesh,137787,1738,55727,80322
6/28/20,Barbados,97,7,90,0
6/28/20,Belarus,61475,383,45027,16065
6/28/20,Belgium,61295,9732,16941,34622
6/28/20,Belize,24,2,18,4
6/28/20,Benin,1149,16,306,827
6/28/20,Bhutan,76,0,38,38
6/28/20,Bolivia,31524,1014,8517,21993
6/28/20,Bosnia and Herzegovina,3935,178,2338,1419
6/28/20,Botswana,92,1,25,66
6/28/20,Brazil,1344143,57622,746018,540503
6/28/20,Brunei,141,3,138,0
6/28/20,Bulgaria,4691,219,2508,1964
6/28/20,Burkina Faso,959,53,830,76
6/28/20,Burma,299,6,218,75
6/28/20,Burundi,170,1,115,54
6/28/20,Cabo Verde,1155,12,570,573
6/28/20,Cambodia,141,0,130,11
6/28/20,Cameroon,12592,313,10100,2179
6/28/20,Canada,105180,8581,0,96599
6/28/20,Central African Republic,3429,45,699,2685
6/28/20,Chad,866,74,780,12
6/28/20,Chile,271982,5509,232210,34263
6/28/20,China,84757,4641,79609,507
6/28/20,Colombia,91995,3256,38345,50394
6/28/20,Comoros,272,7,161,104
6/28/20,Congo (Brazzaville),1087,37,456,594
6/28/20,Congo (Kinshasa),6827,157,985,5685
6/28/20,Costa Rica,3130,15,1366,1749
6/28/20,Cote d'Ivoire,9101,66,3808,5227
6/28/20,Croatia,2691,107,2152,432
6/28/20,Cuba,2332,86,2201,45
6/28/20,Cyprus,994,19,833,142
6/28/20,Czechia,11603,348,7705,3550
6/28/20,Denmark,12875,604,11708,563
6/28/20,Djibouti,4643,52,4348,243
6/28/20,Dominica,18,0,18,0
6/28/20,Dominican Republic,31373,726,17142,13505
6/28/20,Ecuador,55255,4429,27058,23768
6/28/20,Egypt,65188,2789,17539,44860
6/28/20,El Salvador,5934,152,3557,2225
6/28/20,Equatorial Guinea,2001,32,515,1454
6/28/20,Eritrea,191,0,53,138
6/28/20,Estonia,1987,69,1818,100
6/28/20,Eswatini,781,11,372,398
6/28/20,Ethiopia,5689,98,2132,3459
6/28/20,Fiji,18,0,18,0
6/28/20,Finland,7198,328,6600,270
6/28/20,France,199476,29781,75774,93921
6/28/20,Gabon,5209,40,2327,2842
6/28/20,Gambia,45,2,26,17
6/28/20,Georgia,924,15,785,124
6/28/20,Germany,194693,8968,177657,8068
6/28/20,Ghana,16742,112,12720,3910
6/28/20,Greece,3376,191,1374,1811
6/28/20,Grenada,23,0,23,0
6/28/20,Guatemala,16930,727,3152,13051
6/28/20,Guinea,5342,31,4282,1029
6/28/20,Guinea-Bissau,1614,22,317,1275
6/28/20,Guyana,230,12,109,109
6/28/20,Haiti,5777,100,706,4971
6/28/20,Holy See,12,0,12,0
6/28/20,Honduras,18082,479,1875,15728
6/28/20,Hungary,4142,581,2685,876
6/28/20,Iceland,1838,10,1816,12
6/28/20,India,548318,16475,321723,210120
6/28/20,Indonesia,54010,2754,22936,28320
6/28/20,Iran,222669,10508,183310,28851
6/28/20,Iraq,45402,1756,21122,22524
6/28/20,Ireland,25439,1735,23364,340
6/28/20,Israel,23755,318,17074,6363
6/28/20,Italy,240310,34738,188891,16681
6/28/20,Jamaica,696,10,552,134
6/28/20,Japan,18366,972,16327,1067
6/28/20,Jordan,1121,9,860,252
6/28/20,Kazakhstan,21327,178,12933,8216
6/28/20,Kenya,6070,143,1971,3956
6/28/20,"Korea, South",12757,282,11429,1046
6/28/20,Kosovo,2169,37,1047,1085
6/28/20,Kuwait,44942,348,35494,9100
6/28/20,Kyrgyzstan,5017,50,2294,2673
6/28/20,Laos,19,0,19,0
6/28/20,Latvia,1116,30,932,154
6/28/20,Lebanon,1740,34,1153,553
6/28/20,Lesotho,27,0,4,23
6/28/20,Liberia,768,34,298,436
6/28/20,Libya,762,21,196,545
6/28/20,Liechtenstein,82,1,81,0
6/28/20,Lithuania,1815,78,1503,234
6/28/20,Luxembourg,4242,110,3978,154
6/28/20,Madagascar,2078,18,944,1116
6/28/20,Malawi,1146,13,260,873
6/28/20,Malaysia,8634,121,8318,195
6/28/20,Maldives,2324,8,1911,405
6/28/20,Mali,2147,114,1432,601
6/28/20,Malta,670,9,636,25
6/28/20,Mauritania,4149,126,1419,2604
6/28/20,Mauritius,341,10,326,5
6/28/20,Mexico,216852,26648,164646,25558
6/28/20,Moldova,16250,530,9081,6639
6/28/20,Monaco,103,4,95,4
6/28/20,Mongolia,220,0,175,45
6/28/20,Montenegro,481,11,315,155
6/28/20,Morocco,12052,221,8740,3091
6/28/20,Mozambique,859,5,0,854
6/28/20,Namibia,183,0,24,159
6/28/20,Nepal,12772,28,3013,9731
6/28/20,Netherlands,50355,6124,186,44045
6/28/20,New Zealand,1528,22,1484,22
6/28/20,Nicaragua,2170,74,1238,858
6/28/20,Niger,1074,67,939,68
6/28/20,Nigeria,24567,565,9007,14995
6/28/20,North Macedonia,6080,286,2315,3479
6/28/20,Norway,8855,249,8138,468
6/28/20,Oman,38150,163,21200,16787
6/28/20,Pakistan,206512,4167,95407,106938
6/28/20,Panama,31686,604,15470,15612
6/28/20,Papua New Guinea,11,0,8,3
6/28/20,Paraguay,2127,15,1065,1047
6/28/20,Peru,279419,9317,167998,102104
6/28/20,Philippines,35455,1244,9686,24525
6/28/20,Poland,33907,1438,20548,11921
6/28/20,Portugal,41646,1564,27066,13016
6/28/20,Qatar,94413,110,78702,15601
6/28/20,Romania,26313,1612,18814,5887
6/28/20,Russia,633563,9060,398436,226067
6/28/20,Rwanda,900,2,443,455
6/28/20,Saint Kitts and Nevis,15,0,15,0
6/28/20,Saint Lucia,19,0,19,0
6/28/20,Saint Vincent and the Grenadines,29,0,29,0
6/28/20,San Marino,698,42,656,0
6/28/20,Sao Tome and Principe,713,13,219,481
6/28/20,Saudi Arabia,182493,1551,124755,56187
6/28/20,Senegal,6586,105,4291,2190
6/28/20,Serbia,14046,270,12464,1312
6/28/20,Seychelles,70,0,11,59
6/28/20,Sierra Leone,1427,60,943,424
6/28/20,Singapore,43459,26,37508,5925
6/28/20,Slovakia,1664,28,1461,175
6/28/20,Slovenia,1581,111,1384,86
6/28/20,Somalia,2894,90,887,1917
6/28/20,South Africa,138134,2456,68925,66753
6/28/20,South Sudan,1989,36,246,1707
6/28/20,Spain,248770,28343,150376,70051
6/28/20,Sri Lanka,2037,11,1661,365
6/28/20,Sudan,9257,572,4014,4671
6/28/20,Suriname,490,11,199,280
6/28/20,Sweden,65137,5280,0,59857
6/28/20,Switzerland,31617,1962,29100,555
6/28/20,Syria,256,9,0,247
6/28/20,Taiwan*,447,7,435,5
6/28/20,Tajikistan,5849,52,4448,1349
6/28/20,Tanzania,509,21,183,305
6/28/20,Thailand,3162,58,3053,51
6/28/20,Timor-Leste,24,0,0,24
6/28/20,Togo,642,14,401,227
6/28/20,Trinidad and Tobago,126,8,109,9
6/28/20,Tunisia,1169,50,1029,90
6/28/20,Turkey,197239,5097,170595,21547
6/28/20,US,2549294,126360,685164,1737770
6/28/20,Uganda,859,0,794,65
6/28/20,Ukraine,43856,1142,19585,23129
6/28/20,United Arab Emirates,47797,313,36411,11073
6/28/20,United Kingdom,284192,43633,1353,239178
6/28/20,Uruguay,929,27,818,84
6/28/20,Uzbekistan,7948,22,5329,2597
6/28/20,Venezuela,5297,44,1649,3604
6/28/20,Vietnam,355,0,330,25
6/28/20,West Bank and Gaza,1990,4,447,1539
6/28/20,Western Sahara,10,1,8,1
6/28/20,Yemen,1118,302,430,386
6/28/20,Zambia,1557,22,1311,224
6/28/20,Zimbabwe,567,6,142,419
6/29/20,Afghanistan,31238,733,13934,16571
6/29/20,Albania,2466,58,1438,970
6/29/20,Algeria,13571,905,9674,2992
6/29/20,Andorra,855,52,799,4
6/29/20,Angola,276,11,93,172
6/29/20,Antigua and Barbuda,69,3,22,44
6/29/20,Argentina,62268,1280,21138,39850
6/29/20,Armenia,25127,433,13297,11397
6/29/20,Australia,7834,104,7037,693
6/29/20,Austria,17723,703,16420,600
6/29/20,Azerbaijan,16968,206,9369,7393
6/29/20,Bahamas,104,11,87,6
6/29/20,Bahrain,26239,84,20928,5227
6/29/20,Bangladesh,141801,1783,57780,82238
6/29/20,Barbados,97,7,90,0
6/29/20,Belarus,61790,387,45213,16190
6/29/20,Belgium,61361,9732,16941,34688
6/29/20,Belize,24,2,18,4
6/29/20,Benin,1187,19,323,845
6/29/20,Bhutan,77,0,44,33
6/29/20,Bolivia,32125,1071,8928,22126
6/29/20,Bosnia and Herzegovina,4325,184,2366,1775
6/29/20,Botswana,175,1,25,149
6/29/20,Brazil,1368195,58314,757811,552070
6/29/20,Brunei,141,3,138,0
6/29/20,Bulgaria,4831,223,2582,2026
6/29/20,Burkina Faso,959,53,830,76
6/29/20,Burma,299,6,221,72
6/29/20,Burundi,170,1,115,54
6/29/20,Cabo Verde,1165,12,608,545
6/29/20,Cambodia,141,0,130,11
6/29/20,Cameroon,12592,313,10100,2179
6/29/20,Canada,105817,8627,0,97190
6/29/20,Central African Republic,3613,47,773,2793
6/29/20,Chad,866,74,781,11
6/29/20,Chile,275999,5575,236154,34270
6/29/20,China,84780,4641,79619,520
6/29/20,Colombia,91995,3256,38345,50394
6/29/20,Comoros,272,7,161,104
6/29/20,Congo (Brazzaville),1087,37,456,594
6/29/20,Congo (Kinshasa),6939,167,1050,5722
6/29/20,Costa Rica,3269,15,1394,1860
6/29/20,Cote d'Ivoire,9214,66,3996,5152
6/29/20,Croatia,2725,107,2155,463
6/29/20,Cuba,2340,86,2211,43
6/29/20,Cyprus,996,19,833,144
6/29/20,Czechia,11805,348,7746,3711
6/29/20,Denmark,12951,605,11812,534
6/29/20,Djibouti,4656,53,4433,170
6/29/20,Dominica,18,0,18,0
6/29/20,Dominican Republic,31816,733,17280,13803
6/29/20,Ecuador,55665,4502,27430,23733
6/29/20,Egypt,66754,2872,17951,45931
6/29/20,El Salvador,6173,164,3648,2361
6/29/20,Equatorial Guinea,2001,32,515,1454
6/29/20,Eritrea,191,0,53,138
6/29/20,Estonia,1987,69,1818,100
6/29/20,Eswatini,795,11,380,404
6/29/20,Ethiopia,5846,103,2430,3313
6/29/20,Fiji,18,0,18,0
6/29/20,Finland,7209,328,6600,281
6/29/20,France,201522,29816,76124,95582
6/29/20,Gabon,5394,42,2420,2932
6/29/20,Gambia,47,2,26,19
6/29/20,Georgia,926,15,791,120
6/29/20,Germany,195042,8976,177770,8296
6/29/20,Ghana,17351,112,12994,4245
6/29/20,Greece,3390,191,1374,1825
6/29/20,Grenada,23,0,23,0
6/29/20,Guatemala,17409,746,3170,13493
6/29/20,Guinea,5351,31,4296,1024
6/29/20,Guinea-Bissau,1654,24,317,1313
6/29/20,Guyana,235,12,114,109
6/29/20,Haiti,5933,105,839,4989
6/29/20,Holy See,12,0,12,0
6/29/20,Honduras,18818,485,1961,16372
6/29/20,Hungary,4145,585,2685,875
6/29/20,Iceland,1840,10,1818,12
6/29/20,India,566840,16893,334822,215125
6/29/20,Indonesia,55092,2805,23800,28487
6/29/20,Iran,225205,10670,186180,28355
6/29/20,Iraq,47151,1839,22974,22338
6/29/20,Ireland,25462,1735,23364,363
6/29/20,Israel,24441,319,17218,6904
6/29/20,Italy,240436,34744,189196,16496
6/29/20,Jamaica,698,10,553,135
6/29/20,Japan,18476,972,16388,1116
6/29/20,Jordan,1128,9,867,252
6/29/20,Kazakhstan,21819,188,13008,8623
6/29/20,Kenya,6190,144,2013,4033
6/29/20,"Korea, South",12800,282,11537,981
6/29/20,Kosovo,2677,49,1425,1203
6/29/20,Kuwait,45524,350,36313,8861
6/29/20,Kyrgyzstan,5296,57,2370,2869
6/29/20,Laos,19,0,19,0
6/29/20,Latvia,1117,30,932,155
6/29/20,Lebanon,1745,34,1170,541
6/29/20,Lesotho,27,0,4,23
6/29/20,Liberia,770,36,312,422
6/29/20,Libya,802,23,206,573
6/29/20,Liechtenstein,82,1,81,0
6/29/20,Lithuania,1816,78,1512,226
6/29/20,Luxembourg,4256,110,3997,149
6/29/20,Madagascar,2138,20,966,1152
6/29/20,Malawi,1152,13,260,879
6/29/20,Malaysia,8637,121,8334,182
6/29/20,Maldives,2337,8,1927,402
6/29/20,Mali,2173,115,1447,611
6/29/20,Malta,670,9,639,22
6/29/20,Mauritania,4237,128,1497,2612
6/29/20,Mauritius,341,10,326,5
6/29/20,Mexico,220657,27121,170147,23389
6/29/20,Moldova,16357,536,9229,6592
6/29/20,Monaco,103,4,95,4
6/29/20,Mongolia,220,0,175,45
6/29/20,Montenegro,501,11,315,175
6/29/20,Morocco,12290,225,8833,3232
6/29/20,Mozambique,883,6,0,877
6/29/20,Namibia,196,0,24,172
6/29/20,Nepal,13248,29,3134,10085
6/29/20,Netherlands,50433,6126,186,44121
6/29/20,New Zealand,1528,22,1484,22
6/29/20,Nicaragua,2170,74,1238,858
6/29/20,Niger,1075,67,939,69
6/29/20,Nigeria,25133,573,9402,15158
6/29/20,North Macedonia,6209,298,2427,3484
6/29/20,Norway,8862,249,8138,475
6/29/20,Oman,39060,169,22422,16469
6/29/20,Pakistan,209337,4304,98503,106530
6/29/20,Panama,32785,620,15595,16570
6/29/20,Papua New Guinea,11,0,8,3
6/29/20,Paraguay,2191,16,1080,1095
6/29/20,Peru,282365,9504,171159,101702
6/29/20,Philippines,36438,1255,9956,25227
6/29/20,Poland,34154,1444,20897,11813
6/29/20,Portugal,41912,1568,27205,13139
6/29/20,Qatar,95106,113,80170,14823
6/29/20,Romania,26582,1634,18912,6036
6/29/20,Russia,640246,9152,402778,228316
6/29/20,Rwanda,1001,2,443,556
6/29/20,Saint Kitts and Nevis,15,0,15,0
6/29/20,Saint Lucia,19,0,19,0
6/29/20,Saint Vincent and the Grenadines,29,0,29,0
6/29/20,San Marino,698,42,656,0
6/29/20,Sao Tome and Principe,713,13,235,465
6/29/20,Saudi Arabia,186436,1599,127118,57719
6/29/20,Senegal,6698,108,4341,2249
6/29/20,Serbia,14288,274,12581,1433
6/29/20,Seychelles,77,0,11,66
6/29/20,Sierra Leone,1450,60,961,429
6/29/20,Singapore,43661,26,37985,5650
6/29/20,Slovakia,1665,28,1464,173
6/29/20,Slovenia,1585,111,1384,90
6/29/20,Somalia,2904,90,910,1904
6/29/20,South Africa,144264,2529,70614,71121
6/29/20,South Sudan,1989,36,246,1707
6/29/20,Spain,248970,28346,150376,70248
6/29/20,Sri Lanka,2039,11,1678,350
6/29/20,Sudan,9257,572,4014,4671
6/29/20,Suriname,501,13,217,271
6/29/20,Sweden,67667,5310,0,62357
6/29/20,Switzerland,31652,1962,29100,590
6/29/20,Syria,269,9,0,260
6/29/20,Taiwan*,447,7,435,5
6/29/20,Tajikistan,5900,52,4506,1342
6/29/20,Tanzania,509,21,183,305
6/29/20,Thailand,3169,58,3053,58
6/29/20,Timor-Leste,24,0,0,24
6/29/20,Togo,643,14,401,228
6/29/20,Trinidad and Tobago,126,8,109,9
6/29/20,Tunisia,1172,50,1029,93
6/29/20,Turkey,198613,5115,171809,21689
6/29/20,US,2590668,126711,705203,1758754
6/29/20,Uganda,870,0,808,62
6/29/20,Ukraine,44538,1161,19679,23698
6/29/20,United Arab Emirates,48246,314,37076,10856
6/29/20,United Kingdom,284812,43658,1357,239756
6/29/20,Uruguay,932,27,822,83
6/29/20,Uzbekistan,8222,23,5496,2703
6/29/20,Venezuela,5530,48,1649,3833
6/29/20,Vietnam,355,0,335,20
6/29/20,West Bank and Gaza,2185,5,447,1733
6/29/20,Western Sahara,10,1,8,1
6/29/20,Yemen,1128,304,432,392
6/29/20,Zambia,1568,22,1311,235
6/29/20,Zimbabwe,574,7,152,415
6/30/20,Afghanistan,31517,746,14131,16640
6/30/20,Albania,2535,62,1459,1014
6/30/20,Algeria,13907,912,9897,3098
6/30/20,Andorra,855,52,799,4
6/30/20,Angola,284,13,93,178
6/30/20,Antigua and Barbuda,69,3,22,44
6/30/20,Argentina,64530,1307,22028,41195
6/30/20,Armenia,25542,443,14048,11051
6/30/20,Australia,7920,104,7040,776
6/30/20,Austria,17766,705,16478,583
6/30/20,Azerbaijan,17524,213,9715,7596
6/30/20,Bahamas,104,11,87,6
6/30/20,Bahrain,26758,87,21331,5340
6/30/20,Bangladesh,145483,1847,59624,84012
6/30/20,Barbados,97,7,90,0
6/30/20,Belarus,62118,392,46054,15672
6/30/20,Belgium,61427,9747,16984,34696
6/30/20,Belize,24,2,18,4
6/30/20,Benin,1199,21,333,845
6/30/20,Bhutan,77,0,48,29
6/30/20,Bolivia,33219,1123,9340,22756
6/30/20,Bosnia and Herzegovina,4453,186,2402,1865
6/30/20,Botswana,227,1,28,198
6/30/20,Brazil,1402041,59594,788318,554129
6/30/20,Brunei,141,3,138,0
6/30/20,Bulgaria,4989,230,2676,2083
6/30/20,Burkina Faso,962,53,838,71
6/30/20,Burma,299,6,222,71
6/30/20,Burundi,170,1,115,54
6/30/20,Cabo Verde,1227,15,629,583
6/30/20,Cambodia,141,0,130,11
6/30/20,Cameroon,12592,313,10100,2179
6/30/20,Canada,106084,8649,0,97435
6/30/20,Central African Republic,3745,47,787,2911
6/30/20,Chad,866,74,781,11
6/30/20,Chile,279393,5688,241229,32476
6/30/20,China,84785,4641,79632,512
6/30/20,Colombia,95269,3376,40021,51872
6/30/20,Comoros,303,7,200,96
6/30/20,Congo (Brazzaville),1087,37,456,594
6/30/20,Congo (Kinshasa),7039,170,1426,5443
6/30/20,Costa Rica,3459,16,1436,2007
6/30/20,Cote d'Ivoire,9499,68,4273,5158
6/30/20,Croatia,2777,107,2155,515
6/30/20,Cuba,2341,86,2214,41
6/30/20,Cyprus,998,19,833,146
6/30/20,Czechia,11954,349,7771,3834
6/30/20,Denmark,12968,605,11849,514
6/30/20,Djibouti,4682,54,4524,104
6/30/20,Dominica,18,0,18,0
6/30/20,Dominican Republic,32568,747,17580,14241
6/30/20,Ecuador,56432,4527,27594,24311
6/30/20,Egypt,68311,2953,18460,46898
6/30/20,El Salvador,6438,174,3770,2494
6/30/20,Equatorial Guinea,2001,32,515,1454
6/30/20,Eritrea,203,0,53,150
6/30/20,Estonia,1989,69,1829,91
6/30/20,Eswatini,812,11,408,393
6/30/20,Ethiopia,5846,103,2430,3313
6/30/20,Fiji,18,0,18,0
6/30/20,Finland,7214,328,6600,286
6/30/20,France,202063,29846,76399,95818
6/30/20,Gabon,5394,42,2420,2932
6/30/20,Gambia,49,2,27,20
6/30/20,Georgia,928,15,794,119
6/30/20,Germany,195418,8990,178100,8328
6/30/20,Ghana,17741,112,13268,4361
6/30/20,Greece,3409,192,1374,1843
6/30/20,Grenada,23,0,23,0
6/30/20,Guatemala,18096,773,3194,14129
6/30/20,Guinea,5391,33,4326,1032
6/30/20,Guinea-Bissau,1654,24,317,1313
6/30/20,Guyana,245,12,114,119
6/30/20,Haiti,5975,105,931,4939
6/30/20,Holy See,12,0,12,0
6/30/20,Honduras,19558,497,2060,17001
6/30/20,Hungary,4155,585,2692,878
6/30/20,Iceland,1842,10,1819,13
6/30/20,India,585481,17400,347912,220169
6/30/20,Indonesia,56385,2876,24806,28703
6/30/20,Iran,227662,10817,188758,28087
6/30/20,Iraq,49109,1943,24760,22406
6/30/20,Ireland,25473,1736,23364,373
6/30/20,Israel,25244,320,17341,7583
6/30/20,Italy,240578,34767,190248,15563
6/30/20,Jamaica,702,10,553,139
6/30/20,Japan,18615,972,16458,1185
6/30/20,Jordan,1132,9,882,241
6/30/20,Kazakhstan,22308,188,13558,8562
6/30/20,Kenya,6366,148,2039,4179
6/30/20,"Korea, South",12850,282,11613,955
6/30/20,Kosovo,2878,51,1577,1250
6/30/20,Kuwait,46195,354,37030,8811
6/30/20,Kyrgyzstan,5506,61,2443,3002
6/30/20,Laos,19,0,19,0
6/30/20,Latvia,1118,30,974,114
6/30/20,Lebanon,1778,34,1183,561
6/30/20,Lesotho,27,0,4,23
6/30/20,Liberia,780,36,324,420
6/30/20,Libya,824,24,209,591
6/30/20,Liechtenstein,82,1,81,0
6/30/20,Lithuania,1817,78,1515,224
6/30/20,Luxembourg,4299,110,3998,191
6/30/20,Madagascar,2214,20,994,1200
6/30/20,Malawi,1224,14,260,950
6/30/20,Malaysia,8639,121,8354,164
6/30/20,Maldives,2361,9,1944,408
6/30/20,Mali,2181,116,1474,591
6/30/20,Malta,670,9,640,21
6/30/20,Mauritania,4363,129,1622,2612
6/30/20,Mauritius,341,10,326,5
6/30/20,Mexico,226089,27769,174538,23782
6/30/20,Moldova,16613,545,9382,6686
6/30/20,Monaco,103,4,95,4
6/30/20,Mongolia,220,0,176,44
6/30/20,Montenegro,548,12,315,221
6/30/20,Morocco,12533,228,8920,3385
6/30/20,Mozambique,889,6,0,883
6/30/20,Namibia,205,0,24,181
6/30/20,Nepal,13564,29,3194,10341
6/30/20,Netherlands,50483,6132,186,44165
6/30/20,New Zealand,1528,22,1484,22
6/30/20,Nicaragua,2519,83,1238,1198
6/30/20,Niger,1075,67,943,65
6/30/20,Nigeria,25694,590,9746,15358
6/30/20,North Macedonia,6334,302,2475,3557
6/30/20,Norway,8879,250,8138,491
6/30/20,Oman,40070,176,23425,16469
6/30/20,Pakistan,213470,4395,100802,108273
6/30/20,Panama,33550,631,15745,17174
6/30/20,Papua New Guinea,11,0,8,3
6/30/20,Paraguay,2221,17,1089,1115
6/30/20,Peru,285213,9677,174535,101001
6/30/20,Philippines,37514,1266,10233,26015
6/30/20,Poland,34393,1463,21281,11649
6/30/20,Portugal,42141,1576,27505,13060
6/30/20,Qatar,96088,113,81564,14411
6/30/20,Romania,26970,1651,19050,6269
6/30/20,Russia,646929,9306,411973,225650
6/30/20,Rwanda,1025,2,447,576
6/30/20,Saint Kitts and Nevis,15,0,15,0
6/30/20,Saint Lucia,19,0,19,0
6/30/20,Saint Vincent and the Grenadines,29,0,29,0
6/30/20,San Marino,698,42,656,0
6/30/20,Sao Tome and Principe,714,13,236,465
6/30/20,Saudi Arabia,190823,1649,130766,58408
6/30/20,Senegal,6793,112,4431,2250
6/30/20,Serbia,14564,277,12662,1625
6/30/20,Seychelles,81,0,11,70
6/30/20,Sierra Leone,1462,60,974,428
6/30/20,Singapore,43907,26,38500,5381
6/30/20,Slovakia,1667,28,1464,175
6/30/20,Slovenia,1600,111,1384,105
6/30/20,Somalia,2924,90,910,1924
6/30/20,South Africa,151209,2657,73543,75009
6/30/20,South Sudan,2007,38,279,1690
6/30/20,Spain,249271,28355,150376,70540
6/30/20,Sri Lanka,2047,11,1711,325
6/30/20,Sudan,9257,572,4014,4671
6/30/20,Suriname,515,13,227,275
6/30/20,Sweden,68451,5333,0,63118
6/30/20,Switzerland,31714,1963,29200,551
6/30/20,Syria,279,9,0,270
6/30/20,Taiwan*,447,7,437,3
6/30/20,Tajikistan,5900,52,4506,1342
6/30/20,Tanzania,509,21,183,305
6/30/20,Thailand,3171,58,3056,57
6/30/20,Timor-Leste,24,0,0,24
6/30/20,Togo,650,14,402,234
6/30/20,Trinidad and Tobago,130,8,113,9
6/30/20,Tunisia,1174,50,1031,93
6/30/20,Turkey,199906,5131,173111,21664
6/30/20,US,2636414,127432,720631,1788351
6/30/20,Uganda,889,0,819,70
6/30/20,Ukraine,45254,1173,19792,24289
6/30/20,United Arab Emirates,48667,315,37566,10786
6/30/20,United Kingdom,285216,43813,1359,240003
6/30/20,Uruguay,936,27,824,85
6/30/20,Uzbekistan,8503,26,5682,2795
6/30/20,Venezuela,5832,51,1649,4132
6/30/20,Vietnam,355,0,335,20
6/30/20,West Bank and Gaza,2428,8,451,1969
6/30/20,Western Sahara,10,1,8,1
6/30/20,Yemen,1158,312,488,358
6/30/20,Zambia,1594,24,1329,241
6/30/20,Zimbabwe,591,7,162,422